{
	"schemaVersion": 1,
	"id": "take-back-the-night",
	"version": "${version}",
	"name": "Take Back the Night",
	"description": "Adds a herobrine bossfight!",
	"authors": [
		"N0t_UN_Owen/NotUnaNancyOwen"
	],
	"contact": {
		"homepage": "https://fabricmc.net/",
		"sources": "https://github.com/FabricMC/fabric-example-mod"
	},
	"license": "MIT, CC0-1.0",
	"icon": "assets/take-back-the-night/icon.png",
	"environment": "*",
	"entrypoints": {
		"main": [
			"com.notunanancyowen.TakeBackTheNight"
		],
		"client": [
			"com.notunanancyowen.TakeBackTheNightClient"
		]
	},
	"mixins": [
		"take-back-the-night.mixins.json"
	],
	"depends": {
		"fabricloader": ">=0.15.11",
		"minecraft": "~1.21",
		"java": ">=17",
		"fabric-api": "*"
	},
	"suggests": {
		"another-mod": "*"
	}
}