{
  "display": {
    "icon": {
      "item": "minecraft:netherite_sword"
    },
    "title": {
        "translate": "advancements.take-back-the-night.take_back_the_night.title"
    },
    "description": {
        "translate": "advancements.take-back-the-night.take_back_the_night.description"
    },
    "frame": "challenge",
    "show_toast": true,
    "announce_to_chat": true,
    "hidden": true
  },
  "parent": "minecraft:adventure/kill_a_mob",
  "criteria": {
    "requirement": {
      "trigger": "minecraft:player_killed_entity",
      "conditions": {
        "entity": {
          "type": "take-back-the-night:herobrine"
        }
      }
    }
  },
  "rewards": {
    "experience": 150
  }
}
